,image ID,total,galaxy,cluster,something else,red,blue,impossible,fluffy,bright,no core,bright core,bulge,round,elliptical,disturbed,dense,fuzzy,clumpy,scattered light,small star,nothing,something else entirely,RA,DEC
0,UDGcand_59_insp.png,5,5,0,0,5,0,0,1,4,1,1,3,4,0,1,3,2,0,0,0,0,0,55.4149360657,-35.8905982971
1,UDGcand_67_insp.png,3,2,0,1,0,2,0,2,0,1,0,1,2,0,0,0,2,0,0,0,1,0,56.2629585266,-35.787197113
2,UDGcand_210_insp.png,4,2,2,0,1,1,0,2,0,1,0,1,2,0,0,0,2,0,0,0,0,0,55.8758621216,-35.1862602234
3,UDGcand_142_insp.png,4,0,4,0,0,0,0,0,0,0,0,0,0,0,0,0,0,0,0,0,0,0,56.2879486084,-35.6841392517
4,UDGcand_133_insp.png,0,0,0,0,0,0,0,0,0,0,0,0,0,0,0,0,0,0,0,0,0,0,55.9155235291,-35.2164916992
5,UDGcand_235_insp.png,4,4,0,0,0,4,0,3,1,0,1,3,0,3,1,0,4,0,0,0,0,0,49.5774879456,-36.7542762756
6,UDGcand_203_insp.png,3,3,0,0,0,3,0,2,1,0,0,3,1,1,1,2,1,0,0,0,0,0,56.2446060181,-35.5694732666
7,UDGcand_140_insp.png,4,3,1,0,3,0,0,0,3,0,1,2,2,1,0,2,1,0,0,0,0,0,55.5839881897,-35.9263076782
8,UDGcand_255_insp.png,3,0,3,0,0,0,0,0,0,0,0,0,0,0,0,0,0,0,0,0,0,0,49.9878349304,-36.2107582092
9,UDGcand_94_insp.png,4,2,2,0,2,0,0,0,2,0,0,2,2,0,0,2,0,0,0,0,0,0,55.377368927,-35.9224739075
10,UDGcand_389_insp.png,7,0,7,0,0,0,0,0,0,0,0,0,0,0,0,0,0,0,0,0,0,0,55.6836547852,-35.9512290955
11,UDGcand_101_insp.png,4,2,2,0,1,1,0,2,0,1,0,1,0,1,1,0,0,2,0,0,0,0,55.698513031,-35.4244308472
12,UDGcand_286_insp.png,11,0,11,0,0,0,0,0,0,0,0,0,0,0,0,0,0,0,0,0,0,0,49.4149208069,-36.6967048645
13,UDGcand_375_insp.png,7,1,6,0,0,0,1,1,0,1,0,0,1,0,0,0,1,0,0,0,0,0,55.4473457336,-36.9024276733
14,UDGcand_153_insp.png,3,3,0,0,0,2,1,2,1,0,1,2,0,3,0,1,1,1,0,0,0,0,55.7378768921,-35.6312408447
15,UDGcand_83_insp.png,2,2,0,0,2,0,0,1,1,0,1,1,2,0,0,1,1,0,0,0,0,0,55.9155578613,-35.7314414978
16,UDGcand_313_insp.png,6,0,6,0,0,0,0,0,0,0,0,0,0,0,0,0,0,0,0,0,0,0,49.3559875488,-36.594909668
17,UDGcand_267_insp.png,2,1,1,0,0,1,0,0,1,0,0,1,1,0,0,1,0,0,0,0,0,0,49.7457809448,-36.8169021606
18,UDGcand_141_insp.png,3,0,1,2,0,0,0,0,0,0,0,0,0,0,0,0,0,0,0,0,2,0,55.5743904114,-35.471912384
19,UDGcand_321_insp.png,9,0,4,5,0,0,0,0,0,0,0,0,0,0,0,0,0,0,0,2,2,1,50.0683479309,-36.1113510132
20,UDGcand_240_insp.png,4,1,3,0,0,1,0,1,0,1,0,0,0,0,1,0,0,1,0,0,0,0,49.3133583069,-36.0608139038
21,UDGcand_197_insp.png,2,1,0,1,1,0,0,0,1,0,1,0,1,0,0,1,0,0,0,0,1,0,55.8572998047,-35.229221344
22,UDGcand_288_insp.png,11,11,0,0,1,10,0,7,4,4,1,6,0,10,1,6,4,1,0,0,0,0,50.2070198059,-36.0998878479
23,UDGcand_188_insp.png,3,2,0,1,0,2,0,2,0,1,0,1,0,0,2,0,1,1,0,0,1,0,55.4952011108,-35.3802986145
24,UDGcand_297_insp.png,5,4,0,1,0,4,0,4,0,2,1,1,2,0,2,0,1,3,0,0,1,0,49.1554641724,-36.244846344
25,UDGcand_107_insp.png,0,0,0,0,0,0,0,0,0,0,0,0,0,0,0,0,0,0,0,0,0,0,55.4895210266,-35.2920227051
26,UDGcand_88_insp.png,0,0,0,0,0,0,0,0,0,0,0,0,0,0,0,0,0,0,0,0,0,0,56.1257286072,-35.1786346436
27,UDGcand_284_insp.png,10,0,8,2,0,0,0,0,0,0,0,0,0,0,0,0,0,0,0,0,2,0,49.381401062,-36.0917205811
28,UDGcand_58_insp.png,0,0,0,0,0,0,0,0,0,0,0,0,0,0,0,0,0,0,0,0,0,0,55.9534759521,-35.6256141663
29,UDGcand_238_insp.png,0,0,0,0,0,0,0,0,0,0,0,0,0,0,0,0,0,0,0,0,0,0,49.9062995911,-36.5790557861
30,UDGcand_155_insp.png,4,4,0,0,0,4,0,1,3,0,2,2,4,0,0,3,0,1,0,0,0,0,56.3267402649,-35.4921569824
31,UDGcand_21_insp.png,4,3,0,1,0,3,0,2,1,0,2,1,0,1,2,0,2,1,0,0,1,0,55.8907928467,-35.5961303711
32,UDGcand_131_insp.png,3,2,0,1,2,0,0,2,0,2,0,0,0,1,1,0,2,0,0,0,1,0,56.2098960876,-35.8437271118
33,UDGcand_227_insp.png,5,1,4,0,0,1,0,0,1,0,1,0,0,1,0,0,1,0,0,0,0,0,55.9243545532,-35.7419052124
34,UDGcand_282_insp.png,8,8,0,0,0,8,0,8,0,5,1,2,0,1,7,0,2,6,0,0,0,0,49.4652633667,-36.0546646118
35,UDGcand_39_insp.png,5,3,2,0,3,0,0,1,2,2,0,1,3,0,0,1,2,0,0,0,0,0,56.0089950562,-35.3954124451
36,UDGcand_344_insp.png,7,4,3,0,4,0,0,0,4,0,3,1,2,0,2,4,0,0,0,0,0,0,49.8328475952,-36.51612854
37,UDGcand_41_insp.png,5,3,1,1,3,0,0,2,1,0,2,1,2,0,1,3,0,0,0,0,0,1,55.5986595154,-35.0188903809
38,UDGcand_7_insp.png,4,3,1,0,3,0,0,0,3,0,1,2,3,0,0,3,0,0,0,0,0,0,55.3868255615,-35.1934967041
39,UDGcand_199_insp.png,5,5,0,0,5,0,0,0,5,0,4,1,2,3,0,3,2,0,0,0,0,0,55.7089118958,-35.3534431458
40,UDGcand_42_insp.png,4,4,0,0,4,0,0,4,0,0,0,4,0,1,3,1,2,1,0,0,0,0,55.7519378662,-35.423789978
41,UDGcand_139_insp.png,5,5,0,0,5,0,0,0,5,0,4,1,5,0,0,3,0,2,0,0,0,0,55.6714553833,-35.7824897766
42,UDGcand_336_insp.png,15,0,7,8,0,0,0,0,0,0,0,0,0,0,0,0,0,0,1,0,6,1,50.2844047546,-36.2314758301
43,UDGcand_122_insp.png,6,1,0,5,0,1,0,1,0,1,0,0,1,0,0,0,1,0,3,0,2,0,55.3111953735,-35.4509887695
44,UDGcand_271_insp.png,0,0,0,0,0,0,0,0,0,0,0,0,0,0,0,0,0,0,0,0,0,0,49.8897628784,-36.5710639954
45,UDGcand_38_insp.png,3,0,3,0,0,0,0,0,0,0,0,0,0,0,0,0,0,0,0,0,0,0,55.8079566956,-35.4087715149
46,UDGcand_29_insp.png,3,2,0,1,0,2,0,2,0,1,0,1,0,0,2,0,1,1,0,0,1,0,55.7230606079,-35.5535926819
47,UDGcand_232_insp.png,4,1,3,0,0,1,0,1,0,0,0,1,0,0,1,0,1,0,0,0,0,0,50.0021438599,-36.1654090881
48,UDGcand_202_insp.png,4,0,4,0,0,0,0,0,0,0,0,0,0,0,0,0,0,0,0,0,0,0,56.0835609436,-34.9661102295
49,UDGcand_195_insp.png,2,1,1,0,1,0,0,1,0,1,0,0,0,0,1,1,0,0,0,0,0,0,55.5546875,-35.7140769958
50,UDGcand_393_insp.png,8,3,5,0,2,0,1,0,3,0,1,2,3,0,0,3,0,0,0,0,0,0,55.7866973877,-36.7437133789
51,UDGcand_144_insp.png,0,0,0,0,0,0,0,0,0,0,0,0,0,0,0,0,0,0,0,0,0,0,55.2809371948,-35.5144577026
52,UDGcand_322_insp.png,0,0,0,0,0,0,0,0,0,0,0,0,0,0,0,0,0,0,0,0,0,0,50.1383132935,-36.1525268555
53,UDGcand_362_insp.png,0,0,0,0,0,0,0,0,0,0,0,0,0,0,0,0,0,0,0,0,0,0,56.2866973877,-36.6485214233
54,UDGcand_368_insp.png,7,0,7,0,0,0,0,0,0,0,0,0,0,0,0,0,0,0,0,0,0,0,55.6759223938,-36.8589935303
55,UDGcand_149_insp.png,2,0,0,2,0,0,0,0,0,0,0,0,0,0,0,0,0,0,0,0,2,0,55.9851417542,-35.8301315308
56,UDGcand_152_insp.png,0,0,0,0,0,0,0,0,0,0,0,0,0,0,0,0,0,0,0,0,0,0,56.1048240662,-35.8567390442
57,UDGcand_46_insp.png,0,0,0,0,0,0,0,0,0,0,0,0,0,0,0,0,0,0,0,0,0,0,55.2533798218,-35.7425003052
58,UDGcand_73_insp.png,4,0,3,1,0,0,0,0,0,0,0,0,0,0,0,0,0,0,0,0,0,1,55.2738952637,-35.5295982361
59,UDGcand_102_insp.png,0,0,0,0,0,0,0,0,0,0,0,0,0,0,0,0,0,0,0,0,0,0,56.0342674255,-35.5493507385
60,UDGcand_310_insp.png,8,1,1,6,0,0,1,1,0,1,0,0,0,1,0,0,1,0,2,0,4,0,50.0599136353,-36.6753578186
61,UDGcand_328_insp.png,11,3,7,1,0,2,1,3,0,3,0,0,1,0,2,0,2,1,0,0,1,0,49.8235282898,-36.0819015503
62,UDGcand_225_insp.png,0,0,0,0,0,0,0,0,0,0,0,0,0,0,0,0,0,0,0,0,0,0,55.6048240662,-35.5947494507
63,UDGcand_247_insp.png,7,0,1,6,0,0,0,0,0,0,0,0,0,0,0,0,0,0,1,1,4,0,50.1369590759,-36.7278404236
64,UDGcand_78_insp.png,3,0,2,1,0,0,0,0,0,0,0,0,0,0,0,0,0,0,0,0,1,0,55.7277793884,-35.1340675354
65,UDGcand_339_insp.png,12,0,12,0,0,0,0,0,0,0,0,0,0,0,0,0,0,0,0,0,0,0,50.2215499878,-36.7084617615
66,UDGcand_230_insp.png,0,0,0,0,0,0,0,0,0,0,0,0,0,0,0,0,0,0,0,0,0,0,49.7140579224,-36.0949821472
67,UDGcand_303_insp.png,11,3,8,0,3,0,0,0,3,0,1,2,1,2,0,2,1,0,0,0,0,0,49.8804779053,-36.2387390137
68,UDGcand_258_insp.png,7,3,4,0,3,0,0,0,3,0,1,2,3,0,0,2,1,0,0,0,0,0,49.8542251587,-36.2764892578
69,UDGcand_51_insp.png,4,0,2,2,0,0,0,0,0,0,0,0,0,0,0,0,0,0,0,0,2,0,55.3375549316,-35.3944740295
70,UDGcand_369_insp.png,9,1,8,0,1,0,0,1,0,0,0,1,1,0,0,0,1,0,0,0,0,0,56.1423225403,-36.1178512573
71,UDGcand_320_insp.png,11,10,0,1,1,6,3,10,0,5,0,5,5,0,5,0,5,5,0,0,1,0,49.1331291199,-36.4404754639
72,UDGcand_64_insp.png,4,3,1,0,2,0,1,1,2,0,0,3,1,0,2,1,0,1,0,0,0,0,55.2878379822,-35.6058425903
73,UDGcand_272_insp.png,4,1,3,0,1,0,0,0,1,0,0,1,0,0,1,1,0,0,0,0,0,0,50.1010513306,-36.2565727234
74,UDGcand_397_insp.png,12,0,10,2,0,0,0,0,0,0,0,0,0,0,0,0,0,0,0,0,2,0,55.4483375549,-36.4779434204
75,UDGcand_63_insp.png,3,0,2,1,0,0,0,0,0,0,0,0,0,0,0,0,0,0,0,0,1,0,55.6097259521,-35.3475151062
76,UDGcand_61_insp.png,6,1,5,0,1,0,0,0,1,0,1,0,1,0,0,0,1,0,0,0,0,0,55.6427345276,-35.1835823059
77,UDGcand_229_insp.png,4,3,1,0,3,0,0,0,3,0,1,2,2,1,0,3,0,0,0,0,0,0,55.8893013,-35.2675437927
78,UDGcand_14_insp.png,0,0,0,0,0,0,0,0,0,0,0,0,0,0,0,0,0,0,0,0,0,0,55.2667999268,-35.6475982666
79,UDGcand_19_insp.png,3,2,1,0,2,0,0,0,2,0,1,1,2,0,0,0,2,0,0,0,0,0,56.3066749573,-35.6617546082
80,UDGcand_383_insp.png,9,0,6,3,0,0,0,0,0,0,0,0,0,0,0,0,0,0,1,0,2,0,55.461856842,-36.9016418457
81,UDGcand_128_insp.png,3,0,3,0,0,0,0,0,0,0,0,0,0,0,0,0,0,0,0,0,0,0,55.7409973145,-35.2148361206
82,UDGcand_212_insp.png,6,1,5,0,1,0,0,1,0,1,0,0,1,0,0,0,1,0,0,0,0,0,56.1528587341,-35.4986839294
83,UDGcand_221_insp.png,3,2,0,1,0,2,0,2,0,2,0,0,0,1,1,0,1,1,0,0,1,0,55.6788673401,-35.5406455994
84,UDGcand_241_insp.png,4,4,0,0,1,2,1,3,1,1,1,2,0,3,1,0,2,2,0,0,0,0,49.9368667603,-36.7491836548
85,UDGcand_215_insp.png,0,0,0,0,0,0,0,0,0,0,0,0,0,0,0,0,0,0,0,0,0,0,55.5719871521,-35.54063797
86,UDGcand_214_insp.png,5,1,2,2,0,0,1,1,0,1,0,0,0,0,1,0,1,0,0,0,2,0,56.1871528625,-35.8007278442
87,UDGcand_56_insp.png,6,1,5,0,1,0,0,0,1,0,1,0,0,0,1,0,1,0,0,0,0,0,55.7064476013,-35.1663665771
88,UDGcand_183_insp.png,0,0,0,0,0,0,0,0,0,0,0,0,0,0,0,0,0,0,0,0,0,0,56.3937492371,-35.6883468628
89,UDGcand_135_insp.png,3,3,0,0,0,2,1,1,2,0,0,3,3,0,0,0,2,1,0,0,0,0,55.5011825562,-35.0849113464
90,UDGcand_4_insp.png,3,0,3,0,0,0,0,0,0,0,0,0,0,0,0,0,0,0,0,0,0,0,55.8327674866,-35.3795509338
91,UDGcand_105_insp.png,2,2,0,0,0,2,0,2,0,0,1,1,1,1,0,1,0,1,0,0,0,0,56.2325820923,-35.7219429016
92,UDGcand_145_insp.png,4,3,1,0,1,1,1,3,0,2,0,1,2,0,1,0,2,1,0,0,0,0,56.3746681213,-35.2221374512
93,UDGcand_156_insp.png,0,0,0,0,0,0,0,0,0,0,0,0,0,0,0,0,0,0,0,0,0,0,55.8978118896,-35.6744308472
94,UDGcand_329_insp.png,10,1,9,0,0,1,0,1,0,0,1,0,0,0,1,0,1,0,0,0,0,0,50.0465927124,-36.2084693909
95,UDGcand_312_insp.png,10,0,10,0,0,0,0,0,0,0,0,0,0,0,0,0,0,0,0,0,0,0,49.8563232422,-36.8154945374
96,UDGcand_37_insp.png,4,2,2,0,2,0,0,1,1,0,0,2,0,2,0,2,0,0,0,0,0,0,55.713054657,-35.170589447
97,UDGcand_6_insp.png,0,0,0,0,0,0,0,0,0,0,0,0,0,0,0,0,0,0,0,0,0,0,55.2660293579,-34.9542007446
98,UDGcand_213_insp.png,3,1,2,0,0,1,0,0,1,0,0,1,0,1,0,1,0,0,0,0,0,0,55.6491203308,-34.9861564636
99,UDGcand_317_insp.png,15,15,0,0,0,15,0,6,9,1,1,13,4,1,10,10,2,3,0,0,0,0,49.2712516785,-36.2440719604
100,UDGcand_208_insp.png,3,0,1,2,0,0,0,0,0,0,0,0,0,0,0,0,0,0,0,0,2,0,56.4438209534,-35.1230239868
101,UDGcand_125_insp.png,4,2,2,0,0,2,0,2,0,2,0,0,2,0,0,0,2,0,0,0,0,0,56.1532707214,-35.1223907471
102,UDGcand_326_insp.png,0,0,0,0,0,0,0,0,0,0,0,0,0,0,0,0,0,0,0,0,0,0,49.7450141907,-36.0973739624
103,UDGcand_302_insp.png,5,0,5,0,0,0,0,0,0,0,0,0,0,0,0,0,0,0,0,0,0,0,49.6027259827,-36.5129776001
104,UDGcand_343_insp.png,12,12,0,0,0,12,0,11,1,0,1,11,1,1,10,2,4,6,0,0,0,0,49.5668487549,-36.7860145569
105,UDGcand_205_insp.png,1,1,0,0,0,1,0,1,0,0,0,1,0,0,1,0,1,0,0,0,0,0,56.1008377075,-35.6544036865
106,UDGcand_388_insp.png,6,6,0,0,6,0,0,6,0,0,2,4,0,4,2,5,1,0,0,0,0,0,55.7593040466,-35.9898300171
107,UDGcand_315_insp.png,8,5,3,0,3,2,0,1,4,0,4,1,4,1,0,3,1,0,0,0,0,0,49.1768493652,-35.9767417908
108,UDGcand_148_insp.png,0,0,0,0,0,0,0,0,0,0,0,0,0,0,0,0,0,0,0,0,0,0,55.7297058105,-35.3434333801
109,UDGcand_353_insp.png,15,0,12,3,0,0,0,0,0,0,0,0,0,0,0,0,0,0,1,0,2,0,50.1475524902,-36.7346229553
110,UDGcand_290_insp.png,6,0,0,6,0,0,0,0,0,0,0,0,0,0,0,0,0,0,1,0,5,0,49.8323898315,-36.5842666626
111,UDGcand_270_insp.png,4,3,1,0,3,0,0,3,0,0,1,2,3,0,0,1,1,1,0,0,0,0,49.2061271667,-36.502910614
112,UDGcand_113_insp.png,5,0,5,0,0,0,0,0,0,0,0,0,0,0,0,0,0,0,0,0,0,0,56.3478279114,-35.3847770691
113,UDGcand_47_insp.png,3,0,3,0,0,0,0,0,0,0,0,0,0,0,0,0,0,0,0,0,0,0,56.0417823792,-35.3122138977
114,UDGcand_399_insp.png,7,0,7,0,0,0,0,0,0,0,0,0,0,0,0,0,0,0,0,0,0,0,56.2863006592,-36.5268249512
115,UDGcand_283_insp.png,5,0,3,2,0,0,0,0,0,0,0,0,0,0,0,0,0,0,1,0,1,0,50.133731842,-36.1178436279
116,UDGcand_262_insp.png,7,4,3,0,1,3,0,2,2,0,2,2,2,0,2,1,3,0,0,0,0,0,49.5255470276,-36.5080947876
117,UDGcand_301_insp.png,8,5,3,0,0,5,0,5,0,2,0,3,0,0,5,0,1,4,0,0,0,0,49.2088394165,-36.4479446411
118,UDGcand_346_insp.png,12,1,11,0,0,1,0,1,0,1,0,0,0,0,1,0,1,0,0,0,0,0,50.0170478821,-36.1254501343
119,UDGcand_184_insp.png,4,1,3,0,1,0,0,0,1,0,0,1,0,0,1,0,0,1,0,0,0,0,56.2104225159,-35.4835929871
120,UDGcand_76_insp.png,2,0,2,0,0,0,0,0,0,0,0,0,0,0,0,0,0,0,0,0,0,0,56.045249939,-35.0003700256
121,UDGcand_374_insp.png,8,0,3,5,0,0,0,0,0,0,0,0,0,0,0,0,0,0,2,0,3,0,56.1929206848,-36.17370224
122,UDGcand_97_insp.png,4,0,0,4,0,0,0,0,0,0,0,0,0,0,0,0,0,0,0,0,3,1,55.6310539246,-35.0248451233
123,UDGcand_98_insp.png,3,0,1,2,0,0,0,0,0,0,0,0,0,0,0,0,0,0,0,0,2,0,55.3455810547,-35.8966178894
124,UDGcand_79_insp.png,5,1,4,0,1,0,0,1,0,0,0,1,1,0,0,0,1,0,0,0,0,0,55.2965164185,-35.1318588257
125,UDGcand_274_insp.png,0,0,0,0,0,0,0,0,0,0,0,0,0,0,0,0,0,0,0,0,0,0,50.1801490784,-36.1416435242
126,UDGcand_17_insp.png,4,4,0,0,0,4,0,4,0,1,1,2,4,0,0,1,3,0,0,0,0,0,56.1063041687,-35.1012802124
127,UDGcand_342_insp.png,9,0,4,5,0,0,0,0,0,0,0,0,0,0,0,0,0,0,3,0,2,0,49.864944458,-36.5584220886
128,UDGcand_106_insp.png,3,2,1,0,0,2,0,2,0,1,0,1,0,0,2,0,1,1,0,0,0,0,55.3928108215,-35.4028053284
129,UDGcand_177_insp.png,4,0,4,0,0,0,0,0,0,0,0,0,0,0,0,0,0,0,0,0,0,0,55.5712051392,-35.777885437
130,UDGcand_300_insp.png,12,11,0,1,0,11,0,11,0,1,1,9,9,0,2,0,3,8,0,0,1,0,49.7688217163,-36.4974899292
131,UDGcand_257_insp.png,6,1,2,3,1,0,0,1,0,0,1,0,1,0,0,0,1,0,1,0,2,0,50.1488418579,-36.1148719788
132,UDGcand_190_insp.png,4,3,1,0,0,3,0,1,2,0,2,1,3,0,0,1,0,2,0,0,0,0,55.5159721375,-35.1511077881
133,UDGcand_366_insp.png,9,9,0,0,5,4,0,3,6,0,8,1,7,1,1,6,1,2,0,0,0,0,56.2593460083,-36.378326416
134,UDGcand_387_insp.png,8,0,8,0,0,0,0,0,0,0,0,0,0,0,0,0,0,0,0,0,0,0,55.3034629822,-36.8145370483
135,UDGcand_80_insp.png,7,0,7,0,0,0,0,0,0,0,0,0,0,0,0,0,0,0,0,0,0,0,55.973323822,-35.0012664795
136,UDGcand_103_insp.png,3,0,3,0,0,0,0,0,0,0,0,0,0,0,0,0,0,0,0,0,0,0,55.9168548584,-35.2063598633
137,UDGcand_341_insp.png,0,0,0,0,0,0,0,0,0,0,0,0,0,0,0,0,0,0,0,0,0,0,49.8378486633,-36.5941810608
138,UDGcand_116_insp.png,2,2,0,0,2,0,0,1,1,0,2,0,0,2,0,0,1,1,0,0,0,0,55.6266517639,-35.202293396
139,UDGcand_318_insp.png,5,0,2,3,0,0,0,0,0,0,0,0,0,0,0,0,0,0,1,1,1,0,49.6960678101,-36.1167488098
140,UDGcand_396_insp.png,10,4,5,1,0,4,0,4,0,0,1,3,0,1,3,0,2,2,0,0,1,0,55.2864151001,-36.9319725037
141,UDGcand_57_insp.png,3,0,3,0,0,0,0,0,0,0,0,0,0,0,0,0,0,0,0,0,0,0,56.4341087341,-35.5875549316
142,UDGcand_15_insp.png,4,2,2,0,2,0,0,0,2,0,1,1,2,0,0,2,0,0,0,0,0,0,56.2847595215,-35.3040084839
143,UDGcand_30_insp.png,7,3,0,4,0,2,1,3,0,3,0,0,2,0,1,0,3,0,1,0,3,0,55.3600158691,-35.3796882629
144,UDGcand_337_insp.png,10,8,2,0,0,8,0,8,0,0,1,7,0,4,4,0,1,7,0,0,0,0,49.4995117188,-36.898273468
145,UDGcand_233_insp.png,4,4,0,0,0,4,0,4,0,3,0,1,4,0,0,1,2,1,0,0,0,0,49.5590515137,-36.0998306274
146,UDGcand_348_insp.png,10,0,0,10,0,0,0,0,0,0,0,0,0,0,0,0,0,0,8,0,2,0,49.8435592651,-36.5602645874
147,UDGcand_60_insp.png,4,1,3,0,1,0,0,0,1,0,0,1,0,1,0,1,0,0,0,0,0,0,55.4668464661,-35.5409965515
148,UDGcand_380_insp.png,7,4,2,1,0,4,0,4,0,3,0,1,0,1,3,0,1,3,0,0,1,0,55.3666915894,-36.8095207214
149,UDGcand_294_insp.png,8,0,8,0,0,0,0,0,0,0,0,0,0,0,0,0,0,0,0,0,0,0,49.1660270691,-36.2807998657
150,UDGcand_16_insp.png,4,3,1,0,0,3,0,2,1,0,1,2,2,0,1,1,2,0,0,0,0,0,55.9962882996,-35.7852020264
151,UDGcand_84_insp.png,0,0,0,0,0,0,0,0,0,0,0,0,0,0,0,0,0,0,0,0,0,0,55.3391494751,-35.9487266541
152,UDGcand_62_insp.png,0,0,0,0,0,0,0,0,0,0,0,0,0,0,0,0,0,0,0,0,0,0,55.4046096802,-34.972278595
153,UDGcand_340_insp.png,11,0,9,2,0,0,0,0,0,0,0,0,0,0,0,0,0,0,1,0,1,0,49.2265777588,-36.653755188
154,UDGcand_250_insp.png,4,0,0,4,0,0,0,0,0,0,0,0,0,0,0,0,0,0,1,0,3,0,49.7220916748,-36.0953636169
155,UDGcand_319_insp.png,10,0,7,3,0,0,0,0,0,0,0,0,0,0,0,0,0,0,0,0,3,0,50.1684455872,-36.1157951355
156,UDGcand_372_insp.png,10,1,4,5,0,0,1,1,0,1,0,0,1,0,0,0,1,0,1,0,3,1,55.9284286499,-36.6954803467
157,UDGcand_65_insp.png,5,0,5,0,0,0,0,0,0,0,0,0,0,0,0,0,0,0,0,0,0,0,55.9086303711,-35.9057540894
158,UDGcand_334_insp.png,7,1,6,0,1,0,0,0,1,0,0,1,0,1,0,1,0,0,0,0,0,0,49.5081825256,-36.8829689026
159,UDGcand_293_insp.png,9,2,7,0,2,0,0,0,2,0,0,2,0,0,2,1,0,1,0,0,0,0,49.9537658691,-36.4407691956
160,UDGcand_54_insp.png,5,3,1,1,0,3,0,3,0,2,0,1,0,2,1,0,1,2,0,0,1,0,55.7846298218,-35.1467399597
161,UDGcand_239_insp.png,3,2,1,0,2,0,0,0,2,0,1,1,0,2,0,2,0,0,0,0,0,0,49.3492469788,-35.9564170837
162,UDGcand_82_insp.png,4,4,0,0,0,4,0,3,1,0,1,3,0,3,1,0,3,1,0,0,0,0,55.5262794495,-35.1551399231
163,UDGcand_118_insp.png,5,4,0,1,0,4,0,4,0,1,1,2,4,0,0,0,4,0,0,0,1,0,55.8579788208,-35.6187400818
164,UDGcand_394_insp.png,8,2,5,1,0,2,0,2,0,1,1,0,2,0,0,1,0,1,1,0,0,0,56.4586219788,-35.9734039307
165,UDGcand_246_insp.png,3,3,0,0,0,3,0,3,0,0,0,3,0,3,0,0,3,0,0,0,0,0,50.1103401184,-36.5789108276
166,UDGcand_352_insp.png,9,3,6,0,0,3,0,3,0,0,2,1,0,3,0,1,2,0,0,0,0,0,49.9039154053,-36.017074585
167,UDGcand_167_insp.png,4,3,0,1,0,3,0,2,1,1,1,1,3,0,0,1,1,1,0,0,1,0,55.717590332,-35.5691261292
168,UDGcand_166_insp.png,3,3,0,0,0,3,0,2,1,0,2,1,1,1,1,0,2,1,0,0,0,0,55.8439254761,-35.6513290405
169,UDGcand_324_insp.png,5,2,3,0,0,2,0,2,0,2,0,0,0,0,2,0,0,2,0,0,0,0,49.3053131104,-36.0340042114
170,UDGcand_49_insp.png,6,0,0,6,0,0,0,0,0,0,0,0,0,0,0,0,0,0,3,0,3,0,55.9117393494,-35.8471488953
171,UDGcand_69_insp.png,6,6,0,0,0,5,1,6,0,4,0,2,0,0,6,0,3,2,0,0,0,0,55.5672988892,-35.3390693665
172,UDGcand_299_insp.png,12,1,9,2,0,0,1,1,0,1,0,0,1,0,0,0,1,0,0,0,2,0,49.7556152344,-36.0904960632
173,UDGcand_287_insp.png,13,10,2,1,0,9,1,10,0,5,0,5,0,3,7,0,3,7,0,0,1,0,49.2591819763,-36.1610107422
174,UDGcand_292_insp.png,5,0,3,2,0,0,0,0,0,0,0,0,0,0,0,0,0,0,0,1,1,0,50.1158103943,-36.1171340942
175,UDGcand_395_insp.png,8,0,4,4,0,0,0,0,0,0,0,0,0,0,0,0,0,0,1,1,2,0,55.8917579651,-36.8032226562
176,UDGcand_0_insp.png,5,5,0,0,0,5,0,5,0,1,0,4,0,2,3,0,4,1,0,0,0,0,56.2326087952,-35.335723877
177,UDGcand_291_insp.png,11,7,1,3,0,4,3,7,0,7,0,0,0,1,6,0,6,1,0,0,3,0,50.2013244629,-36.1401863098
178,UDGcand_180_insp.png,5,5,0,0,5,0,0,0,5,0,3,2,4,1,0,5,0,0,0,0,0,0,56.1199378967,-35.2564926147
179,UDGcand_11_insp.png,4,0,4,0,0,0,0,0,0,0,0,0,0,0,0,0,0,0,0,0,0,0,55.6990585327,-35.5369300842
180,UDGcand_327_insp.png,7,6,0,1,0,6,0,6,0,4,1,1,2,0,4,0,3,3,0,0,1,0,50.1276893616,-36.6828651428
181,UDGcand_175_insp.png,0,0,0,0,0,0,0,0,0,0,0,0,0,0,0,0,0,0,0,0,0,0,56.1430778503,-35.1817855835
182,UDGcand_71_insp.png,1,0,1,0,0,0,0,0,0,0,0,0,0,0,0,0,0,0,0,0,0,0,55.3254814148,-35.4078559875
183,UDGcand_311_insp.png,9,1,7,1,1,0,0,1,0,0,0,1,1,0,0,0,1,0,0,0,1,0,49.910736084,-36.5642433167
184,UDGcand_40_insp.png,0,0,0,0,0,0,0,0,0,0,0,0,0,0,0,0,0,0,0,0,0,0,55.8064002991,-35.5187301636
185,UDGcand_126_insp.png,3,2,1,0,2,0,0,0,2,0,1,1,2,0,0,2,0,0,0,0,0,0,55.9307632446,-35.2742195129
186,UDGcand_163_insp.png,3,3,0,0,1,2,0,3,0,1,0,2,1,1,1,0,2,1,0,0,0,0,55.7757453918,-35.1032218933
187,UDGcand_187_insp.png,0,0,0,0,0,0,0,0,0,0,0,0,0,0,0,0,0,0,0,0,0,0,56.1341705322,-35.8142127991
188,UDGcand_85_insp.png,3,1,2,0,0,1,0,1,0,0,1,0,1,0,0,0,1,0,0,0,0,0,55.3899993896,-35.218006134
189,UDGcand_31_insp.png,3,3,0,0,2,1,0,1,2,2,0,1,3,0,0,1,2,0,0,0,0,0,55.9265136719,-35.3581695557
190,UDGcand_279_insp.png,6,1,5,0,1,0,0,0,1,0,0,1,0,1,0,1,0,0,0,0,0,0,49.4050827026,-36.7967834473
191,UDGcand_99_insp.png,5,2,3,0,0,2,0,2,0,2,0,0,0,1,1,0,2,0,0,0,0,0,55.7170066833,-35.450504303
192,UDGcand_323_insp.png,0,0,0,0,0,0,0,0,0,0,0,0,0,0,0,0,0,0,0,0,0,0,49.8284187317,-36.5508384705
193,UDGcand_95_insp.png,4,2,2,0,2,0,0,0,2,0,0,2,1,1,0,2,0,0,0,0,0,0,56.1902198792,-35.2131996155
194,UDGcand_9_insp.png,4,1,2,1,1,0,0,1,0,1,0,0,0,1,0,0,0,1,0,0,1,0,56.0949249268,-35.2429389954
195,UDGcand_2_insp.png,6,3,3,0,3,0,0,0,3,0,0,3,2,1,0,3,0,0,0,0,0,0,55.6338996887,-35.8669281006
196,UDGcand_74_insp.png,5,0,4,1,0,0,0,0,0,0,0,0,0,0,0,0,0,0,0,0,1,0,56.4367790222,-35.1319084167
197,UDGcand_211_insp.png,3,0,3,0,0,0,0,0,0,0,0,0,0,0,0,0,0,0,0,0,0,0,55.7013015747,-35.7006912231
198,UDGcand_181_insp.png,6,3,2,1,0,3,0,3,0,3,0,0,0,3,0,0,3,0,0,0,1,0,55.6405563354,-35.4991188049
199,UDGcand_18_insp.png,4,2,2,0,1,1,0,2,0,1,0,1,2,0,0,1,1,0,0,0,0,0,56.3265037537,-35.5018501282
200,UDGcand_309_insp.png,6,2,4,0,2,0,0,0,2,1,0,1,1,1,0,2,0,0,0,0,0,0,49.2403717041,-36.200012207
201,UDGcand_143_insp.png,3,3,0,0,0,2,1,3,0,0,1,2,0,2,1,0,2,1,0,0,0,0,55.509437561,-35.4506874084
202,UDGcand_93_insp.png,4,0,4,0,0,0,0,0,0,0,0,0,0,0,0,0,0,0,0,0,0,0,56.0619773865,-35.6525230408
203,UDGcand_277_insp.png,6,3,1,2,3,0,0,3,0,3,0,0,0,0,3,0,1,2,0,0,1,1,49.1277618408,-36.2797164917
204,UDGcand_363_insp.png,8,8,0,0,4,2,2,3,5,0,6,2,8,0,0,4,1,3,0,0,0,0,56.281917572,-36.1454200745
205,UDGcand_316_insp.png,0,0,0,0,0,0,0,0,0,0,0,0,0,0,0,0,0,0,0,0,0,0,49.8619728088,-36.5947380066
206,UDGcand_367_insp.png,8,1,7,0,1,0,0,0,1,0,0,1,1,0,0,1,0,0,0,0,0,0,56.0377960205,-36.0186691284
207,UDGcand_86_insp.png,0,0,0,0,0,0,0,0,0,0,0,0,0,0,0,0,0,0,0,0,0,0,55.7145347595,-35.1618423462
208,UDGcand_220_insp.png,3,1,2,0,1,0,0,0,1,0,0,1,1,0,0,1,0,0,0,0,0,0,55.5980758667,-35.9121856689
209,UDGcand_216_insp.png,7,2,5,0,1,1,0,1,1,0,1,1,0,2,0,1,1,0,0,0,0,0,55.4272537231,-35.0298614502
210,UDGcand_170_insp.png,5,5,0,0,5,0,0,1,4,0,2,3,1,4,0,4,1,0,0,0,0,0,55.8353385925,-35.0661468506
211,UDGcand_260_insp.png,5,4,0,1,1,2,1,3,1,1,1,2,0,1,3,0,2,2,0,0,1,0,49.6442184448,-36.3471412659
212,UDGcand_386_insp.png,5,5,0,0,5,0,0,0,5,0,5,0,5,0,0,3,2,0,0,0,0,0,56.0783157349,-36.9131393433
213,UDGcand_209_insp.png,0,0,0,0,0,0,0,0,0,0,0,0,0,0,0,0,0,0,0,0,0,0,56.3021278381,-35.5708885193
214,UDGcand_134_insp.png,2,0,2,0,0,0,0,0,0,0,0,0,0,0,0,0,0,0,0,0,0,0,56.4131698608,-35.0727081299
215,UDGcand_123_insp.png,0,0,0,0,0,0,0,0,0,0,0,0,0,0,0,0,0,0,0,0,0,0,56.1881561279,-35.2696647644
216,UDGcand_253_insp.png,0,0,0,0,0,0,0,0,0,0,0,0,0,0,0,0,0,0,0,0,0,0,49.8340415955,-36.5460472107
217,UDGcand_201_insp.png,4,3,0,1,3,0,0,1,2,0,2,1,3,0,0,3,0,0,0,1,0,0,55.5091133118,-35.117477417
218,UDGcand_234_insp.png,3,0,0,3,0,0,0,0,0,0,0,0,0,0,0,0,0,0,0,0,1,2,49.9592247009,-36.9464797974
219,UDGcand_219_insp.png,4,0,4,0,0,0,0,0,0,0,0,0,0,0,0,0,0,0,0,0,0,0,55.4927444458,-35.613445282
220,UDGcand_68_insp.png,4,1,1,2,0,1,0,1,0,1,0,0,0,1,0,0,1,0,0,0,1,1,55.5466537476,-35.4432411194
221,UDGcand_112_insp.png,4,4,0,0,4,0,0,2,2,0,2,2,3,1,0,3,1,0,0,0,0,0,55.5839080811,-35.9325065613
222,UDGcand_385_insp.png,9,9,0,0,2,4,3,3,6,0,8,1,4,1,4,6,2,1,0,0,0,0,55.6495475769,-36.4924850464
223,UDGcand_355_insp.png,11,0,5,6,0,0,0,0,0,0,0,0,0,0,0,0,0,0,4,0,2,0,55.6556053162,-36.3287315369
224,UDGcand_390_insp.png,5,0,5,0,0,0,0,0,0,0,0,0,0,0,0,0,0,0,0,0,0,0,56.0935096741,-36.0567932129
225,UDGcand_119_insp.png,7,2,5,0,2,0,0,0,2,0,1,1,2,0,0,2,0,0,0,0,0,0,55.6109962463,-35.6702804565
226,UDGcand_186_insp.png,2,2,0,0,0,2,0,1,1,0,0,2,1,1,0,1,1,0,0,0,0,0,56.081703186,-35.0564613342
227,UDGcand_96_insp.png,0,0,0,0,0,0,0,0,0,0,0,0,0,0,0,0,0,0,0,0,0,0,55.397518158,-35.4389038086
228,UDGcand_360_insp.png,3,0,1,2,0,0,0,0,0,0,0,0,0,0,0,0,0,0,1,0,1,0,55.9163475037,-36.8839912415
229,UDGcand_185_insp.png,5,0,4,1,0,0,0,0,0,0,0,0,0,0,0,0,0,0,0,0,1,0,56.4320373535,-35.2689437866
230,UDGcand_35_insp.png,5,1,4,0,1,0,0,0,1,0,1,0,1,0,0,1,0,0,0,0,0,0,56.1261634827,-35.4826431274
231,UDGcand_104_insp.png,3,0,3,0,0,0,0,0,0,0,0,0,0,0,0,0,0,0,0,0,0,0,56.3374404907,-35.6133575439
232,UDGcand_1_insp.png,0,0,0,0,0,0,0,0,0,0,0,0,0,0,0,0,0,0,0,0,0,0,56.448928833,-35.0604248047
233,UDGcand_161_insp.png,5,2,3,0,0,2,0,2,0,2,0,0,2,0,0,1,1,0,0,0,0,0,56.3894805908,-35.9395980835
234,UDGcand_330_insp.png,7,7,0,0,7,0,0,1,6,0,6,1,3,4,0,6,1,0,0,0,0,0,49.8115653992,-36.852191925
235,UDGcand_150_insp.png,2,0,2,0,0,0,0,0,0,0,0,0,0,0,0,0,0,0,0,0,0,0,56.4224128723,-35.5257492065
236,UDGcand_124_insp.png,3,0,3,0,0,0,0,0,0,0,0,0,0,0,0,0,0,0,0,0,0,0,56.1646194458,-35.6987228394
237,UDGcand_169_insp.png,4,4,0,0,0,3,1,2,2,1,0,3,0,1,3,0,2,2,0,0,0,0,55.2946624756,-35.9243392944
238,UDGcand_289_insp.png,10,0,1,9,0,0,0,0,0,0,0,0,0,0,0,0,0,0,7,0,2,0,49.8569107056,-36.5845909119
239,UDGcand_160_insp.png,3,0,3,0,0,0,0,0,0,0,0,0,0,0,0,0,0,0,0,0,0,0,55.7293319702,-35.8453903198
240,UDGcand_228_insp.png,0,0,0,0,0,0,0,0,0,0,0,0,0,0,0,0,0,0,0,0,0,0,55.8488044739,-35.0156784058
241,UDGcand_66_insp.png,4,4,0,0,0,4,0,3,1,0,2,2,0,3,1,2,2,0,0,0,0,0,55.8809738159,-35.0659637451
242,UDGcand_391_insp.png,0,0,0,0,0,0,0,0,0,0,0,0,0,0,0,0,0,0,0,0,0,0,55.6094551086,-36.6886787415
243,UDGcand_178_insp.png,6,1,4,1,0,1,0,1,0,1,0,0,1,0,0,0,1,0,0,0,0,1,55.8845596313,-35.0060653687
244,UDGcand_333_insp.png,0,0,0,0,0,0,0,0,0,0,0,0,0,0,0,0,0,0,0,0,0,0,49.8247146606,-36.5713233948
245,UDGcand_108_insp.png,4,0,0,4,0,0,0,0,0,0,0,0,0,0,0,0,0,0,0,0,3,1,55.6970252991,-35.3897895813
246,UDGcand_281_insp.png,3,2,1,0,0,2,0,1,1,0,1,1,2,0,0,1,1,0,0,0,0,0,49.3217811584,-36.8360939026
247,UDGcand_345_insp.png,0,0,0,0,0,0,0,0,0,0,0,0,0,0,0,0,0,0,0,0,0,0,49.716342926,-36.1479644775
248,UDGcand_359_insp.png,3,0,3,0,0,0,0,0,0,0,0,0,0,0,0,0,0,0,0,0,0,0,55.6751441956,-36.8100852966
249,UDGcand_364_insp.png,8,8,0,0,7,0,1,0,8,0,6,2,7,0,1,7,1,0,0,0,0,0,55.3353004456,-36.6647377014
250,UDGcand_193_insp.png,5,2,3,0,2,0,0,0,2,0,0,2,2,0,0,2,0,0,0,0,0,0,56.4401016235,-35.8400611877
251,UDGcand_384_insp.png,9,9,0,0,0,8,1,6,3,1,0,8,1,5,3,2,3,4,0,0,0,0,56.3672561646,-36.6981468201
252,UDGcand_45_insp.png,0,0,0,0,0,0,0,0,0,0,0,0,0,0,0,0,0,0,0,0,0,0,55.6605567932,-35.8678588867
253,UDGcand_89_insp.png,5,0,4,1,0,0,0,0,0,0,0,0,0,0,0,0,0,0,0,0,1,0,55.2858161926,-35.5420036316
254,UDGcand_357_insp.png,6,0,4,2,0,0,0,0,0,0,0,0,0,0,0,0,0,0,0,0,2,0,55.7456474304,-36.0004425049
255,UDGcand_28_insp.png,6,5,1,0,0,5,0,4,1,0,1,4,3,0,2,1,2,2,0,0,0,0,56.1986427307,-35.3291854858
256,UDGcand_137_insp.png,4,1,3,0,1,0,0,0,1,0,1,0,1,0,0,1,0,0,0,0,0,0,55.4184417725,-35.6149368286
257,UDGcand_165_insp.png,4,1,3,0,1,0,0,0,1,0,0,1,1,0,0,1,0,0,0,0,0,0,56.1440200806,-35.1038093567
258,UDGcand_158_insp.png,3,0,3,0,0,0,0,0,0,0,0,0,0,0,0,0,0,0,0,0,0,0,55.8644866943,-35.275642395
259,UDGcand_217_insp.png,5,0,5,0,0,0,0,0,0,0,0,0,0,0,0,0,0,0,0,0,0,0,55.5261192322,-35.5698127747
260,UDGcand_254_insp.png,3,0,3,0,0,0,0,0,0,0,0,0,0,0,0,0,0,0,0,0,0,0,49.3438720703,-36.018661499
261,UDGcand_245_insp.png,6,4,1,1,0,4,0,4,0,1,0,3,0,4,0,0,2,2,0,0,1,0,49.3407173157,-36.3493537903
262,UDGcand_259_insp.png,4,0,1,3,0,0,0,0,0,0,0,0,0,0,0,0,0,0,1,0,2,0,49.8266944885,-36.5785713196
263,UDGcand_278_insp.png,2,1,1,0,1,0,0,0,1,0,0,1,0,0,1,0,1,0,0,0,0,0,49.4345016479,-36.2962608337
264,UDGcand_266_insp.png,3,0,3,0,0,0,0,0,0,0,0,0,0,0,0,0,0,0,0,0,0,0,49.9423179626,-36.0850563049
265,UDGcand_8_insp.png,0,0,0,0,0,0,0,0,0,0,0,0,0,0,0,0,0,0,0,0,0,0,56.3876686096,-34.9845161438
266,UDGcand_12_insp.png,6,2,4,0,2,0,0,1,1,1,0,1,2,0,0,1,1,0,0,0,0,0,55.5276489258,-35.0878715515
267,UDGcand_13_insp.png,3,1,2,0,1,0,0,0,1,0,0,1,1,0,0,1,0,0,0,0,0,0,56.2972259521,-35.4042472839
268,UDGcand_381_insp.png,8,8,0,0,0,8,0,8,0,0,0,8,6,1,1,1,3,4,0,0,0,0,55.8078346252,-36.7676048279
269,UDGcand_331_insp.png,4,3,1,0,0,0,3,3,0,3,0,0,0,1,2,0,1,2,0,0,0,0,49.8690567017,-36.8686332703
270,UDGcand_307_insp.png,9,8,1,0,0,8,0,8,0,3,0,5,0,8,0,0,6,2,0,0,0,0,49.1224555969,-36.6672668457
271,UDGcand_264_insp.png,3,1,2,0,0,1,0,0,1,0,0,1,1,0,0,1,0,0,0,0,0,0,49.1308097839,-36.6885414124
272,UDGcand_261_insp.png,0,0,0,0,0,0,0,0,0,0,0,0,0,0,0,0,0,0,0,0,0,0,49.5877990723,-36.3057365417
273,UDGcand_354_insp.png,6,6,0,0,0,5,1,6,0,0,2,4,4,0,2,1,4,1,0,0,0,0,55.9154319763,-36.0001907349
274,UDGcand_121_insp.png,4,1,3,0,1,0,0,0,1,1,0,0,1,0,0,1,0,0,0,0,0,0,56.0503959656,-35.115234375
275,UDGcand_117_insp.png,3,2,1,0,2,0,0,2,0,2,0,0,2,0,0,0,2,0,0,0,0,0,55.8613739014,-35.497844696
276,UDGcand_179_insp.png,4,0,4,0,0,0,0,0,0,0,0,0,0,0,0,0,0,0,0,0,0,0,55.6826934814,-35.2756958008
277,UDGcand_325_insp.png,6,4,2,0,0,4,0,4,0,1,0,3,0,3,1,0,4,0,0,0,0,0,49.3425521851,-36.7113685608
278,UDGcand_236_insp.png,6,6,0,0,0,6,0,4,2,0,1,5,1,5,0,2,3,1,0,0,0,0,49.7055511475,-36.7923927307
279,UDGcand_20_insp.png,4,2,1,1,0,2,0,2,0,0,0,2,0,0,2,0,1,1,0,0,1,0,55.3254814148,-35.4770774841
280,UDGcand_81_insp.png,6,5,1,0,5,0,0,0,5,0,2,3,5,0,0,5,0,0,0,0,0,0,55.374168396,-35.4470977783
281,UDGcand_218_insp.png,0,0,0,0,0,0,0,0,0,0,0,0,0,0,0,0,0,0,0,0,0,0,55.458694458,-35.5353507996
282,UDGcand_248_insp.png,6,6,0,0,6,0,0,1,5,0,5,1,6,0,0,2,4,0,0,0,0,0,50.2554626465,-36.9389953613
283,UDGcand_207_insp.png,5,4,1,0,4,0,0,0,4,0,2,2,0,4,0,3,1,0,0,0,0,0,55.7439079285,-35.8688697815
284,UDGcand_146_insp.png,4,3,0,1,0,3,0,3,0,0,1,2,0,1,2,0,2,1,0,0,1,0,55.8978309631,-35.0741729736
285,UDGcand_224_insp.png,6,6,0,0,6,0,0,3,3,0,3,3,4,2,0,4,2,0,0,0,0,0,56.0169448853,-35.6403923035
286,UDGcand_172_insp.png,3,0,3,0,0,0,0,0,0,0,0,0,0,0,0,0,0,0,0,0,0,0,56.3909111023,-35.342590332
287,UDGcand_138_insp.png,5,0,3,2,0,0,0,0,0,0,0,0,0,0,0,0,0,0,0,0,1,1,56.0961380005,-35.7054901123
288,UDGcand_306_insp.png,0,0,0,0,0,0,0,0,0,0,0,0,0,0,0,0,0,0,0,0,0,0,50.1512069702,-36.7250366211
289,UDGcand_305_insp.png,7,0,7,0,0,0,0,0,0,0,0,0,0,0,0,0,0,0,0,0,0,0,50.07056427,-36.6354637146
290,UDGcand_34_insp.png,3,3,0,0,1,1,1,1,2,0,3,0,1,2,0,1,2,0,0,0,0,0,56.0947341919,-35.7123527527
291,UDGcand_377_insp.png,9,9,0,0,9,0,0,2,7,0,7,2,9,0,0,6,3,0,0,0,0,0,56.3665542603,-36.6266899109
292,UDGcand_273_insp.png,0,0,0,0,0,0,0,0,0,0,0,0,0,0,0,0,0,0,0,0,0,0,49.8838119507,-36.5877189636
293,UDGcand_222_insp.png,3,0,3,0,0,0,0,0,0,0,0,0,0,0,0,0,0,0,0,0,0,0,56.0332374573,-35.2779998779
294,UDGcand_304_insp.png,0,0,0,0,0,0,0,0,0,0,0,0,0,0,0,0,0,0,0,0,0,0,50.1392555237,-36.7239646912
295,UDGcand_72_insp.png,4,2,1,1,2,0,0,2,0,0,0,2,1,1,0,1,1,0,0,0,1,0,55.3716812134,-35.4871330261
296,UDGcand_44_insp.png,5,5,0,0,4,1,0,4,1,0,3,2,5,0,0,2,2,1,0,0,0,0,55.303565979,-35.5156784058
297,UDGcand_244_insp.png,2,2,0,0,1,1,0,1,1,0,2,0,2,0,0,1,0,1,0,0,0,0,49.4632034302,-36.5188751221
298,UDGcand_361_insp.png,9,0,9,0,0,0,0,0,0,0,0,0,0,0,0,0,0,0,0,0,0,0,55.9663391113,-36.8992080688
299,UDGcand_92_insp.png,5,3,2,0,3,0,0,1,2,0,1,2,3,0,0,3,0,0,0,0,0,0,55.7629470825,-35.2017822266
300,UDGcand_127_insp.png,4,2,2,0,0,2,0,1,1,1,0,1,0,2,0,0,2,0,0,0,0,0,55.3169441223,-35.4966773987
301,UDGcand_23_insp.png,4,3,0,1,0,2,1,2,1,1,1,1,3,0,0,2,0,1,0,0,1,0,56.2976341248,-35.1490364075
302,UDGcand_50_insp.png,6,4,2,0,1,3,0,4,0,1,1,2,4,0,0,1,3,0,0,0,0,0,56.0367088318,-35.1444816589
303,UDGcand_115_insp.png,6,1,5,0,1,0,0,0,1,0,1,0,1,0,0,1,0,0,0,0,0,0,56.425403595,-35.338180542
304,UDGcand_223_insp.png,4,0,4,0,0,0,0,0,0,0,0,0,0,0,0,0,0,0,0,0,0,0,55.2433052063,-35.6941986084
305,UDGcand_200_insp.png,4,2,2,0,0,2,0,1,1,1,0,1,0,2,0,1,1,0,0,0,0,0,55.7894134521,-35.8608474731
306,UDGcand_110_insp.png,5,1,1,3,1,0,0,1,0,1,0,0,0,1,0,0,1,0,1,0,2,0,56.2119216919,-35.7883605957
307,UDGcand_120_insp.png,3,2,0,1,0,2,0,2,0,2,0,0,0,0,2,0,1,1,0,0,1,0,55.2824401855,-35.4126091003
308,UDGcand_3_insp.png,3,0,1,2,0,0,0,0,0,0,0,0,0,0,0,0,0,0,0,0,2,0,55.688835144,-35.4719543457
309,UDGcand_265_insp.png,4,3,1,0,3,0,0,1,2,0,2,1,0,3,0,2,1,0,0,0,0,0,50.2105979919,-36.5779495239
310,UDGcand_32_insp.png,6,3,3,0,3,0,0,0,3,0,2,1,3,0,0,3,0,0,0,0,0,0,55.3899383545,-35.0462303162
311,UDGcand_27_insp.png,4,4,0,0,0,4,0,3,1,0,1,3,4,0,0,2,2,0,0,0,0,0,55.8662528992,-35.7740974426
312,UDGcand_349_insp.png,6,1,2,3,1,0,0,1,0,1,0,0,1,0,0,0,1,0,2,0,1,0,49.8874702454,-36.5785293579
313,UDGcand_87_insp.png,4,1,3,0,1,0,0,0,1,1,0,0,1,0,0,0,0,0,0,0,0,0,55.3315391541,-35.5638084412
314,UDGcand_358_insp.png,9,0,3,6,0,0,0,0,0,0,0,0,0,0,0,0,0,0,0,0,5,1,55.4469947815,-36.2249679565
315,UDGcand_136_insp.png,6,5,0,1,0,3,2,5,0,5,0,0,3,1,1,0,4,1,0,0,1,0,56.2810745239,-35.5198249817
316,UDGcand_151_insp.png,6,1,5,0,0,1,0,1,0,1,0,0,0,1,0,0,1,0,0,0,0,0,56.3214988708,-35.0777320862
317,UDGcand_173_insp.png,4,4,0,0,0,4,0,4,0,1,1,2,0,3,1,1,2,1,0,0,0,0,55.83020401,-35.8358001709
318,UDGcand_269_insp.png,3,0,0,3,0,0,0,0,0,0,0,0,0,0,0,0,0,0,1,0,1,1,49.7574424744,-36.1128349304
319,UDGcand_296_insp.png,6,0,2,4,0,0,0,0,0,0,0,0,0,0,0,0,0,0,1,0,3,0,50.1142349243,-36.0945167542
320,UDGcand_174_insp.png,4,2,2,0,1,1,0,1,1,2,0,0,1,0,1,1,0,1,0,0,0,0,56.0350074768,-35.315071106
321,UDGcand_256_insp.png,4,2,0,2,0,2,0,1,1,1,0,1,0,0,2,0,0,2,0,0,1,1,50.296245575,-36.1611328125
322,UDGcand_226_insp.png,2,2,0,0,0,2,0,2,0,2,0,0,0,0,2,0,0,2,0,0,0,0,56.311794281,-35.4601173401
323,UDGcand_308_insp.png,0,0,0,0,0,0,0,0,0,0,0,0,0,0,0,0,0,0,0,0,0,0,49.4670295715,-36.7651176453
324,UDGcand_376_insp.png,8,6,2,0,4,1,1,4,2,0,4,2,1,5,0,1,3,2,0,0,0,0,55.4100723267,-36.7716026306
325,UDGcand_109_insp.png,6,6,0,0,0,6,0,5,1,0,2,4,4,2,0,2,4,0,0,0,0,0,55.7346572876,-35.4842071533
326,UDGcand_33_insp.png,2,2,0,0,0,2,0,2,0,0,1,1,0,1,1,0,1,1,0,0,0,0,56.0174560547,-35.2666740417
327,UDGcand_373_insp.png,9,3,6,0,3,0,0,1,2,0,1,2,3,0,0,3,0,0,0,0,0,0,55.2840881348,-36.9341621399
328,UDGcand_351_insp.png,0,0,0,0,0,0,0,0,0,0,0,0,0,0,0,0,0,0,0,0,0,0,50.1456985474,-36.1661987305
329,UDGcand_263_insp.png,0,0,0,0,0,0,0,0,0,0,0,0,0,0,0,0,0,0,0,0,0,0,50.3002166748,-36.2656669617
330,UDGcand_206_insp.png,3,2,1,0,0,2,0,2,0,0,1,1,1,0,1,0,1,1,0,0,0,0,56.1881332397,-35.5650100708
331,UDGcand_314_insp.png,8,2,6,0,2,0,0,0,2,0,0,2,2,0,0,1,1,0,0,0,0,0,49.5685539246,-36.9143714905
332,UDGcand_162_insp.png,5,0,5,0,0,0,0,0,0,0,0,0,0,0,0,0,0,0,0,0,0,0,56.2761573792,-35.4157600403
333,UDGcand_130_insp.png,6,3,3,0,3,0,0,0,3,0,2,1,3,0,0,1,2,0,0,0,0,0,56.079082489,-35.4025306702
334,UDGcand_53_insp.png,3,1,2,0,1,0,0,1,0,0,0,1,1,0,0,0,1,0,0,0,0,0,56.0852470398,-35.7270126343
335,UDGcand_371_insp.png,5,0,5,0,0,0,0,0,0,0,0,0,0,0,0,0,0,0,0,0,0,0,55.756526947,-36.3256645203
336,UDGcand_189_insp.png,0,0,0,0,0,0,0,0,0,0,0,0,0,0,0,0,0,0,0,0,0,0,55.2788734436,-35.6905174255
337,UDGcand_22_insp.png,6,1,5,0,1,0,0,1,0,1,0,0,1,0,0,0,1,0,0,0,0,0,56.02866745,-35.3430976868
338,UDGcand_268_insp.png,4,0,4,0,0,0,0,0,0,0,0,0,0,0,0,0,0,0,0,0,0,0,49.5361747742,-36.2211761475
339,UDGcand_111_insp.png,4,0,3,1,0,0,0,0,0,0,0,0,0,0,0,0,0,0,0,0,1,0,56.3158149719,-35.2712059021
340,UDGcand_204_insp.png,4,1,3,0,0,1,0,1,0,1,0,0,1,0,0,0,1,0,0,0,0,0,56.3753700256,-35.0322265625
341,UDGcand_276_insp.png,4,2,2,0,2,0,0,0,2,0,1,1,2,0,0,1,0,0,0,0,0,0,50.1935958862,-36.6816444397
342,UDGcand_182_insp.png,0,0,0,0,0,0,0,0,0,0,0,0,0,0,0,0,0,0,0,0,0,0,55.6375007629,-35.532749176
343,UDGcand_147_insp.png,2,0,2,0,0,0,0,0,0,0,0,0,0,0,0,0,0,0,0,0,0,0,56.1446075439,-35.492805481
344,UDGcand_400_insp.png,0,0,0,0,0,0,0,0,0,0,0,0,0,0,0,0,0,0,0,0,0,0,55.412612915,-36.9406356812
345,UDGcand_91_insp.png,2,0,2,0,0,0,0,0,0,0,0,0,0,0,0,0,0,0,0,0,0,0,55.8503608704,-35.6110916138
346,UDGcand_194_insp.png,6,4,2,0,3,1,0,2,2,1,2,1,0,3,1,2,1,1,0,0,0,0,55.2436981201,-35.1125068665
347,UDGcand_378_insp.png,8,0,7,1,0,0,0,0,0,0,0,0,0,0,0,0,0,0,0,0,1,0,56.4098396301,-36.8765220642
348,UDGcand_356_insp.png,0,0,0,0,0,0,0,0,0,0,0,0,0,0,0,0,0,0,0,0,0,0,55.9282035828,-36.8844718933
349,UDGcand_237_insp.png,0,0,0,0,0,0,0,0,0,0,0,0,0,0,0,0,0,0,0,0,0,0,50.2073440552,-36.1211357117
350,UDGcand_70_insp.png,5,1,4,0,1,0,0,1,0,1,0,0,0,1,0,0,1,0,0,0,0,0,56.3981742859,-35.1832275391
351,UDGcand_338_insp.png,9,3,6,0,2,1,0,2,1,0,1,2,0,3,0,2,1,0,0,0,0,0,50.2039489746,-36.2031593323
352,UDGcand_48_insp.png,4,2,2,0,2,0,0,0,2,0,0,2,2,0,0,2,0,0,0,0,0,0,56.4309387207,-35.2541542053
353,UDGcand_24_insp.png,4,2,2,0,0,2,0,2,0,2,0,0,2,0,0,1,1,0,0,0,0,0,56.1722679138,-35.0695991516
354,UDGcand_198_insp.png,0,0,0,0,0,0,0,0,0,0,0,0,0,0,0,0,0,0,0,0,0,0,55.3673324585,-35.721660614
355,UDGcand_176_insp.png,2,2,0,0,0,2,0,2,0,1,0,1,0,0,2,0,1,1,0,0,0,0,55.3615951538,-35.0521659851
356,UDGcand_154_insp.png,5,2,3,0,2,0,0,0,2,0,0,2,1,1,0,1,1,0,0,0,0,0,55.8237953186,-35.2917098999
357,UDGcand_280_insp.png,0,0,0,0,0,0,0,0,0,0,0,0,0,0,0,0,0,0,0,0,0,0,50.0258560181,-36.108127594
358,UDGcand_55_insp.png,4,3,1,0,2,0,1,1,2,0,1,2,0,3,0,1,2,0,0,0,0,0,55.4332962036,-34.9934043884
359,UDGcand_332_insp.png,0,0,0,0,0,0,0,0,0,0,0,0,0,0,0,0,0,0,0,0,0,0,49.8597679138,-36.5297737122
360,UDGcand_242_insp.png,5,0,1,4,0,0,0,0,0,0,0,0,0,0,0,0,0,0,2,0,2,0,49.8991165161,-36.5545082092
361,UDGcand_335_insp.png,0,0,0,0,0,0,0,0,0,0,0,0,0,0,0,0,0,0,0,0,0,0,49.101272583,-36.4129180908
362,UDGcand_350_insp.png,11,10,0,1,1,8,1,10,0,3,2,5,0,8,2,1,4,5,0,0,1,0,49.2715148926,-36.6887817383
363,UDGcand_100_insp.png,3,3,0,0,0,3,0,0,3,0,1,2,1,1,1,2,0,1,0,0,0,0,55.7090377808,-35.7750473022
364,UDGcand_192_insp.png,6,2,3,1,0,1,1,2,0,2,0,0,0,2,0,0,2,0,1,0,0,0,55.4190635681,-35.3519897461
365,UDGcand_77_insp.png,4,3,1,0,1,2,0,3,0,0,1,2,3,0,0,1,1,1,0,0,0,0,56.4283065796,-35.9282493591
366,UDGcand_114_insp.png,5,0,1,4,0,0,0,0,0,0,0,0,0,0,0,0,0,0,0,0,3,1,55.7587051392,-35.3283157349
367,UDGcand_231_insp.png,4,4,0,0,4,0,0,2,2,0,4,0,4,0,0,3,1,0,0,0,0,0,50.2457771301,-36.616065979
368,UDGcand_191_insp.png,3,0,3,0,0,0,0,0,0,0,0,0,0,0,0,0,0,0,0,0,0,0,56.1388206482,-35.2878379822
369,UDGcand_370_insp.png,6,0,6,0,0,0,0,0,0,0,0,0,0,0,0,0,0,0,0,0,0,0,55.9424514771,-36.2722244263
370,UDGcand_25_insp.png,0,0,0,0,0,0,0,0,0,0,0,0,0,0,0,0,0,0,0,0,0,0,55.5797729492,-35.5610847473
371,UDGcand_26_insp.png,0,0,0,0,0,0,0,0,0,0,0,0,0,0,0,0,0,0,0,0,0,0,55.3121032715,-35.1584396362
372,UDGcand_251_insp.png,4,2,0,2,1,0,1,0,2,0,1,1,2,0,0,2,0,0,1,0,1,0,50.2753143311,-36.1000480652
373,UDGcand_43_insp.png,5,1,4,0,1,0,0,1,0,1,0,0,1,0,0,0,1,0,0,0,0,0,55.3484191895,-34.9660148621
374,UDGcand_365_insp.png,8,6,2,0,6,0,0,0,6,0,3,3,5,1,0,6,0,0,0,0,0,0,55.7952041626,-36.4759140015
375,UDGcand_75_insp.png,4,4,0,0,0,3,1,2,2,1,0,3,0,4,0,2,2,0,0,0,0,0,55.4664001465,-35.7477493286
376,UDGcand_295_insp.png,7,3,4,0,3,0,0,1,2,3,0,0,0,2,1,2,1,0,0,0,0,0,49.9463272095,-36.1359786987
377,UDGcand_5_insp.png,4,2,1,1,0,2,0,2,0,1,0,1,2,0,0,0,2,0,0,0,1,0,56.0580177307,-35.596408844
378,UDGcand_90_insp.png,4,3,1,0,3,0,0,2,1,2,0,1,3,0,0,2,1,0,0,0,0,0,56.2638893127,-35.0665664673
379,UDGcand_398_insp.png,0,0,0,0,0,0,0,0,0,0,0,0,0,0,0,0,0,0,0,0,0,0,55.4577445984,-36.6302833557
380,UDGcand_36_insp.png,6,1,5,0,0,1,0,1,0,1,0,0,1,0,0,0,1,0,0,0,0,0,55.8021659851,-35.4110527039
381,UDGcand_168_insp.png,2,0,2,0,0,0,0,0,0,0,0,0,0,0,0,0,0,0,0,0,0,0,56.0680084229,-35.5342445374
382,UDGcand_249_insp.png,0,0,0,0,0,0,0,0,0,0,0,0,0,0,0,0,0,0,0,0,0,0,50.1170768738,-36.1379241943
383,UDGcand_347_insp.png,11,0,0,11,0,0,0,0,0,0,0,0,0,0,0,0,0,0,7,0,3,1,49.8392181396,-36.5681152344
384,UDGcand_243_insp.png,4,0,0,4,0,0,0,0,0,0,0,0,0,0,0,0,0,0,2,0,2,0,49.8631324768,-36.5520629883
385,UDGcand_275_insp.png,3,2,1,0,1,0,1,1,1,0,1,1,1,0,1,0,1,1,0,0,0,0,50.2861785889,-36.9401435852
386,UDGcand_52_insp.png,5,0,4,1,0,0,0,0,0,0,0,0,0,0,0,0,0,0,0,0,1,0,56.1855201721,-35.543006897
387,UDGcand_285_insp.png,0,0,0,0,0,0,0,0,0,0,0,0,0,0,0,0,0,0,0,0,0,0,50.0683441162,-36.1343460083
388,UDGcand_129_insp.png,5,3,0,2,0,3,0,3,0,1,1,1,2,0,1,0,3,0,1,0,1,0,56.1677780151,-35.7505874634
389,UDGcand_171_insp.png,5,1,2,2,1,0,0,0,1,0,0,1,1,0,0,0,1,0,1,0,1,0,56.1106643677,-35.824634552
390,UDGcand_382_insp.png,9,6,3,0,6,0,0,2,4,0,2,4,5,1,0,4,1,1,0,0,0,0,55.3976402283,-36.8670425415
391,UDGcand_164_insp.png,3,0,2,1,0,0,0,0,0,0,0,0,0,0,0,0,0,0,0,0,1,0,56.2081756592,-35.5354995728
392,UDGcand_10_insp.png,5,4,0,1,0,4,0,4,0,4,0,0,0,0,4,0,0,4,0,0,1,0,56.0942764282,-35.4861679077
393,UDGcand_379_insp.png,10,3,7,0,2,1,0,3,0,3,0,0,0,0,3,0,2,1,0,0,0,0,55.7254638672,-35.9932022095
394,UDGcand_196_insp.png,3,1,2,0,1,0,0,0,1,0,0,1,0,0,1,1,0,0,0,0,0,0,56.4195022583,-35.6961250305
395,UDGcand_132_insp.png,4,2,2,0,2,0,0,0,2,0,1,1,1,1,0,2,0,0,0,0,0,0,56.3202133179,-35.1154823303
396,UDGcand_298_insp.png,12,8,3,1,0,6,2,8,0,7,1,0,1,1,6,0,2,6,0,0,1,0,49.9762878418,-36.4138832092
397,UDGcand_157_insp.png,4,3,0,1,3,0,0,2,1,0,0,3,0,3,0,1,1,1,0,0,1,0,55.5309715271,-35.0224342346
398,UDGcand_392_insp.png,5,2,3,0,0,2,0,2,0,1,1,0,1,0,1,0,2,0,0,0,0,0,55.2364768982,-36.4282646179
399,UDGcand_159_insp.png,1,0,1,0,0,0,0,0,0,0,0,0,0,0,0,0,0,0,0,0,0,0,56.2591209412,-35.1115112305
